B,J,W,J,E,E,F,Q,B,G,Q,M,B,E,B,T,V,H,C,W,U,W,O,Y,J,U,W,W,P,E,E,F,S,M,Y,B,J,M,G,H,P,W,D,D,B,F,C,X,I,D
F,F,D,U,I,H,O,V,E,T,Y,T,C,M,S,C,M,Q,A,I,N,K,A,V,H,F,R,A,H,L,E,F,B,F,H,T,Z,V,F,M,N,N,C,W,K,R,J,O,G,W
L,E,Q,K,K,F,D,M,R,M,I,E,H,E,V,E,S,F,N,C,Q,E,I,W,Q,T,R,I,R,S,N,O,R,W,K,P,Z,R,R,J,C,L,J,A,O,S,N,L,D,C
X,S,W,F,W,M,I,H,F,N,A,D,I,M,N,R,K,R,G,X,O,H,R,P,X,I,D,R,P,Z,D,L,U,W,P,M,R,B,Y,Z,S,O,R,W,H,I,M,G,M,W
P,Y,B,I,L,Z,R,D,A,D,I,G,T,A,K,T,X,C,B,K,Z,F,Q,N,S,I,N,Q,D,M,E,M,L,L,O,W,G,L,O,G,F,G,K,J,A,G,A,J,B,R
Y,J,Y,J,D,A,M,Y,Q,X,Z,H,Y,Y,U,J,R,F,A,O,E,L,M,J,X,Z,V,J,M,C,P,F,Z,X,M,Q,N,X,L,D,N,G,A,K,N,P,E,N,E,K
N,M,F,K,D,Q,M,L,Q,Z,N,R,Y,N,M,I,X,A,B,T,J,B,T,U,B,L,Y,C,H,G,V,H,X,Q,S,B,P,Q,X,E,E,C,Z,T,O,J,B,S,D,Z
N,J,G,N,W,O,J,V,O,U,K,R,O,Y,G,R,S,I,L,K,R,O,X,H,M,A,X,G,A,U,C,G,E,C,R,U,Q,T,R,K,M,S,I,Q,T,H,W,O,E,Y
S,P,E,Q,A,O,J,K,V,V,K,X,T,H,V,G,Z,G,B,P,G,Q,N,A,J,I,L,G,Y,Q,U,S,D,K,B,W,S,Q,P,C,M,W,T,P,E,M,A,R,F,Y
R,L,I,B,F,W,F,D,R,J,O,Y,Y,A,R,V,C,R,G,H,L,S,D,D,W,K,X,B,Q,T,U,N,G,D,W,E,J,H,S,J,I,D,H,S,Z,U,J,T,F,X
H,G,Z,K,H,K,T,R,O,V,J,C,Q,N,N,T,G,E,X,X,D,N,X,N,W,K,L,A,U,O,J,U,N,E,Z,H,V,Q,S,F,B,U,V,Y,M,F,Q,W,Y,F
R,N,U,G,K,P,O,P,S,D,K,E,K,H,S,H,I,V,W,C,V,I,T,X,L,O,H,M,M,D,P,N,U,Q,Z,P,Q,A,S,V,M,K,E,W,U,K,B,V,S,R
S,D,Z,W,W,H,O,A,P,K,T,I,Y,S,D,I,R,B,P,K,X,C,J,A,D,Y,V,L,F,N,I,Q,U,G,Q,O,N,A,A,Q,I,A,B,M,H,E,K,C,S,B
V,E,N,U,L,K,O,X,V,E,R,I,R,P,Q,L,R,H,B,X,J,S,J,W,N,E,V,K,H,X,Z,C,F,Y,C,V,S,K,C,J,A,S,R,L,G,R,E,V,E,Z
I,O,F,I,N,W,C,U,D,X,R,J,F,J,G,Q,Z,R,L,Y,R,V,Z,J,S,X,L,U,G,U,W,B,J,G,K,I,C,Q,A,P,R,S,S,C,J,G,S,C,R,F
Q,P,T,T,Z,V,W,L,E,Y,Q,F,M,Q,G,J,B,P,H,U,A,U,Q,Y,C,R,P,O,C,C,R,M,S,N,R,S,D,O,I,T,M,H,A,N,B,A,W,X,Q,Y
D,Y,W,T,J,S,Q,J,N,L,C,W,T,E,F,F,A,O,N,D,Z,O,V,O,L,G,K,L,I,Z,O,Z,P,I,T,D,A,W,P,O,C,Z,H,M,P,J,Q,F,P,C
A,U,L,T,G,U,A,K,E,Z,R,P,G,N,H,W,M,O,N,I,T,O,R,M,C,G,O,K,O,B,A,S,S,K,N,E,W,K,P,Y,B,N,U,D,T,X,N,R,U,L
N,J,Q,Z,Q,B,G,V,A,B,J,R,Q,S,G,Q,G,W,F,J,J,I,P,A,S,V,G,C,J,B,P,B,F,W,M,G,G,W,S,F,N,O,W,A,P,J,Y,R,E,Y
R,Q,L,D,L,F,V,B,N,F,K,F,Y,E,F,D,V,V,W,J,J,C,I,W,K,Z,Z,R,P,N,U,A,H,T,A,Q,D,M,U,E,O,H,C,U,H,O,U,K,K,O
T,F,X,O,L,F,E,K,T,H,X,G,M,A,X,V,D,S,B,L,S,H,D,T,K,W,Y,L,F,Y,E,D,B,X,V,K,H,D,S,Z,G,N,O,Q,I,C,S,P,N,R
F,P,X,P,G,H,K,G,Q,B,F,O,S,R,Z,O,S,Q,I,M,S,L,D,N,X,U,H,V,W,L,P,N,O,M,C,I,Y,K,T,D,E,I,W,L,B,V,E,T,F,Y
C,J,J,S,T,M,K,P,H,U,F,G,U,F,X,L,P,W,X,R,Y,H,A,U,A,N,Z,F,T,F,H,T,C,U,A,G,K,N,W,S,R,P,X,N,G,V,J,B,W,P
X,U,F,R,H,Z,D,Q,V,R,O,J,W,U,N,G,O,N,L,O,K,J,B,H,J,A,M,M,D,I,I,K,C,H,Y,B,D,Y,T,A,P,O,N,D,W,E,I,J,M,O
J,A,B,K,E,Q,S,J,S,M,Q,L,Z,A,J,S,U,L,J,O,K,D,A,U,W,N,K,H,E,E,U,V,V,U,G,A,I,A,J,A,J,T,F,M,F,G,R,E,H,V
B,Y,U,Z,B,E,Q,Z,Z,C,M,E,Q,X,B,B,C,C,Y,X,Y,N,T,N,V,T,O,Z,V,U,G,N,I,L,T,S,E,R,W,Y,S,O,I,T,S,E,S,O,B,C
J,U,L,Z,O,Y,D,K,K,Z,X,C,P,D,C,Y,M,F,A,O,H,S,S,Z,V,J,D,X,G,F,T,E,B,Y,S,P,R,C,T,I,D,K,K,C,V,W,C,S,B,L
G,E,M,H,N,D,C,M,H,J,K,A,Q,O,T,Q,U,S,K,V,D,U,I,F,C,M,O,N,B,V,J,K,P,A,G,Z,N,A,D,B,A,F,O,Y,Q,F,O,N,O,V
V,Y,C,K,J,E,J,A,X,Q,R,G,P,U,U,Y,V,N,K,E,H,G,B,E,K,P,I,W,F,F,G,T,P,A,Z,L,Q,G,F,L,T,C,J,T,N,G,B,M,F,X
Z,Q,L,L,Y,Z,O,W,L,T,N,Q,P,I,C,R,C,H,K,W,D,W,W,O,N,R,S,W,H,B,H,J,T,S,X,Y,B,P,M,X,P,X,G,D,F,W,G,O,S,B
R,M,W,L,A,H,S,Z,Z,K,K,A,A,J,A,H,B,X,D,E,L,S,O,L,E,C,X,F,V,Y,W,U,Z,F,O,Z,P,Y,G,Q,V,C,U,G,U,A,K,L,M,B
O,Y,V,Y,H,N,V,L,F,J,S,X,G,T,L,H,C,V,L,Q,B,M,I,E,J,F,Q,Q,T,U,X,H,F,B,U,V,O,F,G,E,H,S,F,K,U,I,I,I,A,V
L,S,Q,Y,L,U,D,J,G,J,G,J,C,N,E,U,Y,X,U,R,S,E,N,E,S,O,C,X,D,Y,Z,D,P,Y,I,N,A,C,N,V,M,P,V,Z,K,B,R,C,D,A
W,D,H,H,W,X,G,O,V,K,D,H,B,R,I,Y,Y,W,D,A,G,I,N,S,G,C,C,U,K,T,T,T,E,D,Y,Z,E,A,U,T,F,S,V,L,S,N,I,E,B,A
A,U,T,E,O,P,M,T,N,Z,G,K,Q,W,T,R,B,N,Z,J,G,U,E,N,W,R,J,T,B,M,T,P,V,V,P,L,T,B,D,C,L,Z,J,K,R,W,L,I,B,F
Q,O,J,N,C,X,I,Q,G,M,R,A,Z,X,D,O,V,J,B,N,R,U,E,Y,N,V,M,I,Q,I,T,S,D,P,R,I,A,M,O,Q,W,Z,G,B,D,F,F,Q,T,L
C,X,T,K,H,M,C,X,F,Y,A,A,M,J,Z,L,H,V,E,P,C,R,X,P,S,F,C,H,X,V,L,L,J,K,G,N,J,E,E,W,K,J,R,S,X,Q,P,J,H,O
D,M,D,U,H,Q,F,T,K,X,E,K,W,L,P,C,H,V,C,I,X,J,V,Y,O,Q,A,B,J,I,P,O,K,S,V,U,K,Z,U,Z,R,G,M,S,S,C,V,P,D,H
L,T,R,Q,F,R,V,B,O,O,I,D,M,W,N,M,Q,D,U,J,R,R,I,I,Z,T,U,Q,D,Q,R,D,G,M,D,T,A,Y,S,G,E,D,Z,V,V,O,E,N,U,A
K,K,B,K,B,M,C,E,Q,Z,T,M,S,E,A,Q,M,C,H,R,H,V,K,H,A,N,L,D,B,Z,W,M,D,K,W,I,A,M,F,W,D,U,B,L,O,Y,P,F,O,D
D,W,H,T,E,X,B,F,J,G,Z,T,H,B,L,T,F,B,A,X,O,R,N,G,R,R,U,W,C,B,B,Z,Q,K,X,R,K,A,Y,F,U,C,S,D,K,Y,E,D,V,G
L,Y,Q,D,R,Q,U,Y,X,F,W,Q,H,A,V,E,P,J,W,G,C,H,J,D,E,E,O,M,D,M,R,D,R,W,F,B,I,T,Y,M,S,F,T,E,O,D,K,N,L,A
Q,V,J,W,J,H,D,V,B,Z,Q,G,B,O,C,E,G,E,Z,W,F,U,X,B,R,P,T,W,X,H,N,M,C,B,J,F,R,B,B,Z,A,D,B,P,C,W,M,B,M,D
H,P,V,R,F,H,Q,Q,Y,P,Z,Z,A,F,M,O,F,C,G,Q,U,B,B,H,X,B,I,R,V,T,L,H,N,Y,B,H,C,O,M,T,L,N,Z,I,N,S,H,V,S,F
C,Z,Z,M,G,U,L,F,K,O,Z,W,H,M,V,G,G,X,N,N,S,G,C,Z,O,P,I,Q,I,V,U,W,O,I,M,Q,A,L,A,B,P,X,Y,J,L,M,G,J,P,Z
P,X,G,A,L,I,V,L,E,H,D,N,G,J,A,N,I,P,R,Q,T,R,B,V,O,I,W,O,H,D,U,N,U,O,Y,M,C,Y,Z,A,F,Q,K,Z,C,H,V,H,M,L
B,Y,G,G,P,K,H,Q,Y,E,H,H,J,M,C,U,Y,O,N,F,L,W,B,G,P,P,J,A,E,C,O,D,Z,A,J,D,W,W,D,C,C,Z,A,G,J,J,F,H,Z,G
Y,R,E,R,R,W,G,D,X,F,F,G,I,A,G,E,Q,Y,M,N,A,Q,A,C,J,K,O,V,Q,I,N,J,G,D,D,K,T,E,R,X,K,E,S,V,C,W,G,E,O,W
D,W,X,O,B,M,M,R,B,S,F,C,E,T,U,X,Q,O,R,B,X,W,N,W,B,X,K,K,Z,U,R,O,I,T,D,I,S,Z,L,U,P,P,I,A,K,D,W,O,C,Y
H,Q,O,X,L,H,X,D,Z,M,Y,O,G,V,D,H,P,E,E,I,X,W,H,F,L,Z,L,G,Z,K,N,O,G,M,U,O,V,L,A,W,F,L,T,W,W,M,S,M,L,Q
L,K,T,R,P,R,R,K,L,W,C,J,O,F,R,G,Q,O,T,N,O,H,M,X,T,Y,J,O,B,W,R,R,W,B,Z,K,L,R,K,L,O,S,H,P,W,B,I,F,Q,K
X,B,C,Z,M,P,V,O,E,A,L,L,Z,Q,I,C,N,G,D,Q,F,L,W,V,O,K,G,F,Y,E,P,A,J,K,W,O,D,U,B,P,J,M,C,D,Y,T,J,W,M,G
D,P,I,Q,N,R,K,Q,U,Y,Z,P,B,B,G,H,O,J,Y,M,A,X,N,F,A,I,B,Y,I,Y,A,H,T,F,Z,B,P,J,U,J,L,Z,Q,R,H,J,I,W,G,U
E,S,V,T,S,I,L,T,R,M,L,T,H,N,E,J,K,K,B,G,L,G,A,F,N,D,N,P,M,W,Y,C,N,G,T,P,X,U,T,S,O,E,U,E,W,A,X,J,N,S
F,B,O,O,H,B,S,V,X,L,F,V,J,V,Y,B,Y,O,S,D,S,O,K,T,E,M,Z,K,P,U,O,R,X,O,F,V,O,V,U,D,Z,R,F,S,Z,Y,T,K,C,W
I,V,P,T,H,O,Z,Z,P,L,I,B,W,U,S,T,K,O,C,D,U,U,B,Y,Q,Q,E,Z,D,R,L,H,G,L,C,O,H,K,Q,I,Z,G,C,G,M,H,S,V,K,C
N,P,M,A,X,R,I,G,A,L,X,P,T,K,S,H,I,U,C,V,A,M,X,M,Z,T,Z,U,U,U,B,W,X,E,H,Y,K,U,U,X,J,U,O,U,Y,K,P,U,Q,W
E,J,O,G,Q,Y,J,Q,H,M,P,U,Y,U,C,T,N,X,N,M,M,A,X,J,T,Y,U,B,N,W,X,P,Y,T,N,O,K,P,R,D,L,U,F,Z,J,D,M,O,G,K
P,E,T,S,L,L,Z,F,V,E,F,N,S,L,H,M,D,L,E,P,N,Q,X,K,N,G,K,E,K,T,A,D,I,T,H,R,D,T,M,K,C,I,G,T,Q,N,L,Q,N,J
H,H,H,T,T,F,O,R,K,V,T,O,P,E,S,I,Q,W,H,Z,T,A,H,E,B,D,Y,H,U,G,G,I,Y,S,F,F,U,Y,F,U,Z,C,Z,R,L,C,Z,T,I,E
F,I,N,P,A,D,V,X,O,P,W,H,K,E,Z,A,Y,I,D,D,W,N,H,H,J,O,F,J,H,U,D,M,C,Z,F,U,S,X,A,B,W,S,X,V,U,M,V,K,A,J
R,D,V,X,L,Q,R,B,S,J,D,U,A,X,V,D,U,H,M,U,T,G,R,H,R,K,U,B,V,U,Q,X,B,Z,X,Y,N,I,Y,D,X,P,U,R,L,V,P,T,T,L
L,N,G,J,M,U,N,W,O,N,K,Z,D,Z,J,V,C,K,X,P,L,J,A,P,J,J,Z,V,C,J,I,M,H,P,P,O,W,E,Q,Z,S,G,S,J,L,K,F,Y,N,X
Z,T,D,J,M,S,D,U,S,J,V,H,B,E,W,Q,U,P,L,T,X,X,N,M,X,D,F,A,N,P,G,U,P,J,Z,C,S,C,X,O,J,F,P,M,F,K,D,W,U,O
X,W,M,E,C,Y,B,Z,W,W,X,Z,G,H,X,U,K,G,H,W,B,P,D,Y,K,G,S,R,Q,M,K,D,X,Z,I,E,O,B,A,R,M,N,P,I,R,R,M,M,O,N
K,E,C,Q,K,U,P,L,J,J,U,V,A,G,K,O,B,M,F,T,O,P,F,P,W,A,R,O,T,P,J,M,H,H,A,A,S,E,C,Z,D,Q,H,D,G,T,W,K,M,T
I,V,H,P,O,K,E,O,R,N,N,T,X,B,C,P,H,M,Q,D,R,R,N,Z,T,Y,X,J,G,X,E,P,J,O,J,G,S,H,C,J,I,O,J,C,W,B,O,K,R,O
L,W,W,I,C,C,I,H,W,V,X,W,T,S,K,T,L,W,O,P,P,L,M,Z,H,A,N,K,S,Y,R,K,V,L,N,I,U,Q,V,Z,A,I,D,R,M,I,A,C,Y,N
B,W,Z,J,S,T,R,M,U,Y,X,U,Z,S,V,C,B,G,R,N,U,C,U,B,H,C,J,P,K,W,E,N,L,F,M,D,P,U,H,G,U,A,L,Y,X,U,L,B,C,Y
D,V,E,L,I,X,I,R,L,G,L,E,M,U,D,G,C,L,W,V,I,C,Y,B,Y,A,D,O,T,F,X,U,A,G,B,W,V,Z,P,M,W,F,N,L,N,T,E,S,H,Q
H,Y,M,L,H,J,L,Y,B,I,A,U,P,V,K,K,X,O,F,Z,P,E,Y,W,X,N,G,G,J,H,Q,P,R,X,P,O,P,X,X,Z,X,S,A,P,Y,W,O,B,J,K
J,N,J,H,Y,N,Z,K,Z,Y,Q,N,F,P,B,C,F,O,M,T,Y,I,K,K,O,N,W,X,B,A,Q,T,P,N,V,D,K,W,N,M,X,Q,L,Z,B,M,C,H,F,L
O,I,Y,M,F,V,X,Q,C,X,E,N,K,D,U,R,K,T,T,P,E,Q,C,L,C,G,R,S,P,E,H,T,U,V,P,H,M,V,G,I,S,C,P,C,Y,H,B,I,M,Z
H,D,J,N,U,J,A,A,G,A,B,T,W,Z,X,C,E,H,C,Q,H,X,B,J,D,P,V,C,M,Z,Q,F,R,P,A,D,E,W,C,J,R,R,W,B,I,F,H,K,Y,E
Z,S,P,W,O,B,R,T,W,F,I,L,E,E,X,P,L,O,R,E,R,D,O,K,C,W,J,B,J,C,A,A,Y,T,Z,I,P,J,P,B,U,F,H,T,S,W,M,K,T,E
M,L,C,O,Z,Y,X,Z,B,X,X,V,S,G,Y,U,X,M,Z,J,J,M,W,R,J,Z,W,X,U,S,J,H,H,L,K,S,C,M,F,R,K,F,W,F,Q,V,V,Z,L,L
I,C,N,D,P,N,Z,Z,D,K,W,X,J,A,U,C,R,L,H,R,E,F,L,V,G,G,U,E,X,Z,G,Q,J,A,O,I,X,Q,R,R,Z,H,L,F,C,Y,O,Z,T,O
H,O,S,K,F,W,N,Y,P,P,V,P,W,M,M,Q,G,G,A,C,N,R,R,L,J,N,Y,K,V,O,V,Q,J,Y,K,M,Z,U,L,I,T,Y,P,M,K,V,J,Y,C,U
U,O,N,R,R,H,E,Y,F,P,R,D,P,C,X,U,A,S,B,W,K,V,T,X,Z,S,J,E,G,M,O,K,R,K,V,U,L,X,S,G,Q,S,O,P,A,S,S,E,Y,W
X,X,P,A,C,R,A,K,T,I,Q,A,O,F,P,L,J,U,U,Y,E,V,Y,C,X,Z,D,J,N,X,M,R,Z,F,V,O,M,L,T,D,W,L,Y,Y,I,X,R,Y,C,I
P,E,Z,M,O,Q,L,K,L,S,F,M,H,G,G,X,N,G,N,A,N,T,U,O,X,F,L,F,I,X,F,Z,T,W,X,L,Y,Q,B,A,L,E,J,T,I,O,L,P,F,P
C,W,F,D,A,N,C,C,U,Z,U,I,S,J,I,M,T,I,D,U,D,C,P,T,C,X,H,P,O,Z,L,Y,N,K,V,M,T,V,U,X,B,N,P,H,E,A,W,R,R,M
